PstI_common	1	2	3	4	5	6	7	8	9	10	11	12
A	CTCG / 	TGCA / 	ACTA / 	CAGA / 	AACT / 	GCGT / 	CGAT / 	GTAA / 	AGGG / 	GATG / 	TCAG / 	TGCG / 
B	CGCTT / 	TCACG / 	CTAGG / 	ACAAA / 	TTCTG / 	AGCCG / 	GTATT / 	CTGTA / 	ACCGT / 	GCTTA / 	GGTGT / 	AGGAT / 
C	ATTGA / 	CATCT / 	CCTAG / 	GAGGA / 	GGAAG / 	GTCAA / 	TAATA / 	TACAT / 	TCGTT / 	GGTTGT / 	CCAGCT / 	TTCAGA / 
D	TAGGAA / 	GCTCTA / 	CCACAA / 	CTTCCA / 	GAGATA / 	ATGCCT / 	AGTGGA / 	ACCTAA / 	ATATGT / 	ATCGTA / 	CATCGT / 	CGCGGT / 
E	CTATTA / 	GCCAGT / 	GGAAGA / 	GTACTT / 	GTTGAA / 	TAACGA / 	TGGCTA / 	TATTTTT / 	CTTGCTT / 	ATGAAAG / 	AAAAGTT / 	GAATTCA / 
F	GAACTTG / 	GGACCTA / 	GTCGATT / 	AACGCCT / 	AATATGG / 	ACGTGTT / 	ATTAATT / 	ATTGGAT / 	CATAAGT / 	CGCTGAT / 	CGGTAGA / 	CTACGGA / 
G	GCGGAAT / 	TAGCGGA / 	TCGAAGA / 	TCTGTGA / 	TGCTGGA / 	ACGACTAG / 	TAGCATGG / 	TAGGCCAT / 	TGCAAGGA / 	TGGTACGT / 	TCTCAGTG / 	CCGGATAT / 
H	CGCCTTAT / 	AACCGAGA / 	ACAGGGAA / 	ACGTGGTA / 	CCATGGGT / 	CGCGGAGA / 	CGTGTGGT / 	GCTGTGGA / 	GGATTGGT / 	GTGAGGGT / 	TATCGGGA / 	TTCCTGGA / 
												
PstI_varA	1	2	3	4	5	6	7	8	9	10	11	12
A	CTCG / CTCG	TGCA / CTCG	ACTA / CTCG	CAGA / CTCG	AACT / CTCG	GCGT / CTCG	CGAT / CTCG	GTAA / CTCG	AGGG / CTCG	GATG / CTCG	TCAG / CTCG	TGCG / CTCG
B	CGCTT / CTCG	TCACG / CTCG	CTAGG / CTCG	ACAAA / CTCG	TTCTG / CTCG	AGCCG / CTCG	GTATT / CTCG	CTGTA / CTCG	ACCGT / CTCG	GCTTA / CTCG	GGTGT / CTCG	AGGAT / CTCG
C	ATTGA / CTCG	CATCT / CTCG	CCTAG / CTCG	GAGGA / CTCG	GGAAG / CTCG	GTCAA / CTCG	TAATA / CTCG	TACAT / CTCG	TCGTT / CTCG	GGTTGT / CTCG	CCAGCT / CTCG	TTCAGA / CTCG
D	TAGGAA / CTCG	GCTCTA / CTCG	CCACAA / CTCG	CTTCCA / CTCG	GAGATA / CTCG	ATGCCT / CTCG	AGTGGA / CTCG	ACCTAA / CTCG	ATATGT / CTCG	ATCGTA / CTCG	CATCGT / CTCG	CGCGGT / CTCG
E	CTATTA / CTCG	GCCAGT / CTCG	GGAAGA / CTCG	GTACTT / CTCG	GTTGAA / CTCG	TAACGA / CTCG	TGGCTA / CTCG	TATTTTT / CTCG	CTTGCTT / CTCG	ATGAAAG / CTCG	AAAAGTT / CTCG	GAATTCA / CTCG
F	GAACTTG / CTCG	GGACCTA / CTCG	GTCGATT / CTCG	AACGCCT / CTCG	AATATGG / CTCG	ACGTGTT / CTCG	ATTAATT / CTCG	ATTGGAT / CTCG	CATAAGT / CTCG	CGCTGAT / CTCG	CGGTAGA / CTCG	CTACGGA / CTCG
G	GCGGAAT / CTCG	TAGCGGA / CTCG	TCGAAGA / CTCG	TCTGTGA / CTCG	TGCTGGA / CTCG	ACGACTAG / CTCG	TAGCATGG / CTCG	TAGGCCAT / CTCG	TGCAAGGA / CTCG	TGGTACGT / CTCG	TCTCAGTG / CTCG	CCGGATAT / CTCG
H	CGCCTTAT / CTCG	AACCGAGA / CTCG	ACAGGGAA / CTCG	ACGTGGTA / CTCG	CCATGGGT / CTCG	CGCGGAGA / CTCG	CGTGTGGT / CTCG	GCTGTGGA / CTCG	GGATTGGT / CTCG	GTGAGGGT / CTCG	TATCGGGA / CTCG	TTCCTGGA / CTCG
												
PstI_varB	1	2	3	4	5	6	7	8	9	10	11	12
A	CTCG / TGCA	TGCA / TGCA	ACTA / TGCA	CAGA / TGCA	AACT / TGCA	GCGT / TGCA	CGAT / TGCA	GTAA / TGCA	AGGG / TGCA	GATG / TGCA	TCAG / TGCA	TGCG / TGCA
B	CGCTT / TGCA	TCACG / TGCA	CTAGG / TGCA	ACAAA / TGCA	TTCTG / TGCA	AGCCG / TGCA	GTATT / TGCA	CTGTA / TGCA	ACCGT / TGCA	GCTTA / TGCA	GGTGT / TGCA	AGGAT / TGCA
C	ATTGA / TGCA	CATCT / TGCA	CCTAG / TGCA	GAGGA / TGCA	GGAAG / TGCA	GTCAA / TGCA	TAATA / TGCA	TACAT / TGCA	TCGTT / TGCA	GGTTGT / TGCA	CCAGCT / TGCA	TTCAGA / TGCA
D	TAGGAA / TGCA	GCTCTA / TGCA	CCACAA / TGCA	CTTCCA / TGCA	GAGATA / TGCA	ATGCCT / TGCA	AGTGGA / TGCA	ACCTAA / TGCA	ATATGT / TGCA	ATCGTA / TGCA	CATCGT / TGCA	CGCGGT / TGCA
E	CTATTA / TGCA	GCCAGT / TGCA	GGAAGA / TGCA	GTACTT / TGCA	GTTGAA / TGCA	TAACGA / TGCA	TGGCTA / TGCA	TATTTTT / TGCA	CTTGCTT / TGCA	ATGAAAG / TGCA	AAAAGTT / TGCA	GAATTCA / TGCA
F	GAACTTG / TGCA	GGACCTA / TGCA	GTCGATT / TGCA	AACGCCT / TGCA	AATATGG / TGCA	ACGTGTT / TGCA	ATTAATT / TGCA	ATTGGAT / TGCA	CATAAGT / TGCA	CGCTGAT / TGCA	CGGTAGA / TGCA	CTACGGA / TGCA
G	GCGGAAT / TGCA	TAGCGGA / TGCA	TCGAAGA / TGCA	TCTGTGA / TGCA	TGCTGGA / TGCA	ACGACTAG / TGCA	TAGCATGG / TGCA	TAGGCCAT / TGCA	TGCAAGGA / TGCA	TGGTACGT / TGCA	TCTCAGTG / TGCA	CCGGATAT / TGCA
H	CGCCTTAT / TGCA	AACCGAGA / TGCA	ACAGGGAA / TGCA	ACGTGGTA / TGCA	CCATGGGT / TGCA	CGCGGAGA / TGCA	CGTGTGGT / TGCA	GCTGTGGA / TGCA	GGATTGGT / TGCA	GTGAGGGT / TGCA	TATCGGGA / TGCA	TTCCTGGA / TGCA
												
PstI_varC	1	2	3	4	5	6	7	8	9	10	11	12
A	CTCG / ACTA	TGCA / ACTA	ACTA / ACTA	CAGA / ACTA	AACT / ACTA	GCGT / ACTA	CGAT / ACTA	GTAA / ACTA	AGGG / ACTA	GATG / ACTA	TCAG / ACTA	TGCG / ACTA
B	CGCTT / ACTA	TCACG / ACTA	CTAGG / ACTA	ACAAA / ACTA	TTCTG / ACTA	AGCCG / ACTA	GTATT / ACTA	CTGTA / ACTA	ACCGT / ACTA	GCTTA / ACTA	GGTGT / ACTA	AGGAT / ACTA
C	ATTGA / ACTA	CATCT / ACTA	CCTAG / ACTA	GAGGA / ACTA	GGAAG / ACTA	GTCAA / ACTA	TAATA / ACTA	TACAT / ACTA	TCGTT / ACTA	GGTTGT / ACTA	CCAGCT / ACTA	TTCAGA / ACTA
D	TAGGAA / ACTA	GCTCTA / ACTA	CCACAA / ACTA	CTTCCA / ACTA	GAGATA / ACTA	ATGCCT / ACTA	AGTGGA / ACTA	ACCTAA / ACTA	ATATGT / ACTA	ATCGTA / ACTA	CATCGT / ACTA	CGCGGT / ACTA
E	CTATTA / ACTA	GCCAGT / ACTA	GGAAGA / ACTA	GTACTT / ACTA	GTTGAA / ACTA	TAACGA / ACTA	TGGCTA / ACTA	TATTTTT / ACTA	CTTGCTT / ACTA	ATGAAAG / ACTA	AAAAGTT / ACTA	GAATTCA / ACTA
F	GAACTTG / ACTA	GGACCTA / ACTA	GTCGATT / ACTA	AACGCCT / ACTA	AATATGG / ACTA	ACGTGTT / ACTA	ATTAATT / ACTA	ATTGGAT / ACTA	CATAAGT / ACTA	CGCTGAT / ACTA	CGGTAGA / ACTA	CTACGGA / ACTA
G	GCGGAAT / ACTA	TAGCGGA / ACTA	TCGAAGA / ACTA	TCTGTGA / ACTA	TGCTGGA / ACTA	ACGACTAG / ACTA	TAGCATGG / ACTA	TAGGCCAT / ACTA	TGCAAGGA / ACTA	TGGTACGT / ACTA	TCTCAGTG / ACTA	CCGGATAT / ACTA
H	CGCCTTAT / ACTA	AACCGAGA / ACTA	ACAGGGAA / ACTA	ACGTGGTA / ACTA	CCATGGGT / ACTA	CGCGGAGA / ACTA	CGTGTGGT / ACTA	GCTGTGGA / ACTA	GGATTGGT / ACTA	GTGAGGGT / ACTA	TATCGGGA / ACTA	TTCCTGGA / ACTA
												
PstI_varD	1	2	3	4	5	6	7	8	9	10	11	12
A	CTCG / TGCGA	TGCA / TGCGA	ACTA / TGCGA	CAGA / TGCGA	AACT / TGCGA	GCGT / TGCGA	CGAT / TGCGA	GTAA / TGCGA	AGGG / TGCGA	GATG / TGCGA	TCAG / TGCGA	TGCG / TGCGA
B	CGCTT / TGCGA	TCACG / TGCGA	CTAGG / TGCGA	ACAAA / TGCGA	TTCTG / TGCGA	AGCCG / TGCGA	GTATT / TGCGA	CTGTA / TGCGA	ACCGT / TGCGA	GCTTA / TGCGA	GGTGT / TGCGA	AGGAT / TGCGA
C	ATTGA / TGCGA	CATCT / TGCGA	CCTAG / TGCGA	GAGGA / TGCGA	GGAAG / TGCGA	GTCAA / TGCGA	TAATA / TGCGA	TACAT / TGCGA	TCGTT / TGCGA	GGTTGT / TGCGA	CCAGCT / TGCGA	TTCAGA / TGCGA
D	TAGGAA / TGCGA	GCTCTA / TGCGA	CCACAA / TGCGA	CTTCCA / TGCGA	GAGATA / TGCGA	ATGCCT / TGCGA	AGTGGA / TGCGA	ACCTAA / TGCGA	ATATGT / TGCGA	ATCGTA / TGCGA	CATCGT / TGCGA	CGCGGT / TGCGA
E	CTATTA / TGCGA	GCCAGT / TGCGA	GGAAGA / TGCGA	GTACTT / TGCGA	GTTGAA / TGCGA	TAACGA / TGCGA	TGGCTA / TGCGA	TATTTTT / TGCGA	CTTGCTT / TGCGA	ATGAAAG / TGCGA	AAAAGTT / TGCGA	GAATTCA / TGCGA
F	GAACTTG / TGCGA	GGACCTA / TGCGA	GTCGATT / TGCGA	AACGCCT / TGCGA	AATATGG / TGCGA	ACGTGTT / TGCGA	ATTAATT / TGCGA	ATTGGAT / TGCGA	CATAAGT / TGCGA	CGCTGAT / TGCGA	CGGTAGA / TGCGA	CTACGGA / TGCGA
G	GCGGAAT / TGCGA	TAGCGGA / TGCGA	TCGAAGA / TGCGA	TCTGTGA / TGCGA	TGCTGGA / TGCGA	ACGACTAG / TGCGA	TAGCATGG / TGCGA	TAGGCCAT / TGCGA	TGCAAGGA / TGCGA	TGGTACGT / TGCGA	TCTCAGTG / TGCGA	CCGGATAT / TGCGA
H	CGCCTTAT / TGCGA	AACCGAGA / TGCGA	ACAGGGAA / TGCGA	ACGTGGTA / TGCGA	CCATGGGT / TGCGA	CGCGGAGA / TGCGA	CGTGTGGT / TGCGA	GCTGTGGA / TGCGA	GGATTGGT / TGCGA	GTGAGGGT / TGCGA	TATCGGGA / TGCGA	TTCCTGGA / TGCGA
												
PstI_varE	1	2	3	4	5	6	7	8	9	10	11	12
A	CTCG / CGCTT	TGCA / CGCTT	ACTA / CGCTT	CAGA / CGCTT	AACT / CGCTT	GCGT / CGCTT	CGAT / CGCTT	GTAA / CGCTT	AGGG / CGCTT	GATG / CGCTT	TCAG / CGCTT	TGCG / CGCTT
B	CGCTT / CGCTT	TCACG / CGCTT	CTAGG / CGCTT	ACAAA / CGCTT	TTCTG / CGCTT	AGCCG / CGCTT	GTATT / CGCTT	CTGTA / CGCTT	ACCGT / CGCTT	GCTTA / CGCTT	GGTGT / CGCTT	AGGAT / CGCTT
C	ATTGA / CGCTT	CATCT / CGCTT	CCTAG / CGCTT	GAGGA / CGCTT	GGAAG / CGCTT	GTCAA / CGCTT	TAATA / CGCTT	TACAT / CGCTT	TCGTT / CGCTT	GGTTGT / CGCTT	CCAGCT / CGCTT	TTCAGA / CGCTT
D	TAGGAA / CGCTT	GCTCTA / CGCTT	CCACAA / CGCTT	CTTCCA / CGCTT	GAGATA / CGCTT	ATGCCT / CGCTT	AGTGGA / CGCTT	ACCTAA / CGCTT	ATATGT / CGCTT	ATCGTA / CGCTT	CATCGT / CGCTT	CGCGGT / CGCTT
E	CTATTA / CGCTT	GCCAGT / CGCTT	GGAAGA / CGCTT	GTACTT / CGCTT	GTTGAA / CGCTT	TAACGA / CGCTT	TGGCTA / CGCTT	TATTTTT / CGCTT	CTTGCTT / CGCTT	ATGAAAG / CGCTT	AAAAGTT / CGCTT	GAATTCA / CGCTT
F	GAACTTG / CGCTT	GGACCTA / CGCTT	GTCGATT / CGCTT	AACGCCT / CGCTT	AATATGG / CGCTT	ACGTGTT / CGCTT	ATTAATT / CGCTT	ATTGGAT / CGCTT	CATAAGT / CGCTT	CGCTGAT / CGCTT	CGGTAGA / CGCTT	CTACGGA / CGCTT
G	GCGGAAT / CGCTT	TAGCGGA / CGCTT	TCGAAGA / CGCTT	TCTGTGA / CGCTT	TGCTGGA / CGCTT	ACGACTAG / CGCTT	TAGCATGG / CGCTT	TAGGCCAT / CGCTT	TGCAAGGA / CGCTT	TGGTACGT / CGCTT	TCTCAGTG / CGCTT	CCGGATAT / CGCTT
H	CGCCTTAT / CGCTT	AACCGAGA / CGCTT	ACAGGGAA / CGCTT	ACGTGGTA / CGCTT	CCATGGGT / CGCTT	CGCGGAGA / CGCTT	CGTGTGGT / CGCTT	GCTGTGGA / CGCTT	GGATTGGT / CGCTT	GTGAGGGT / CGCTT	TATCGGGA / CGCTT	TTCCTGGA / CGCTT
												
PstI_varF	1	2	3	4	5	6	7	8	9	10	11	12
A	CTCG / GGTTGT	TGCA / GGTTGT	ACTA / GGTTGT	CAGA / GGTTGT	AACT / GGTTGT	GCGT / GGTTGT	CGAT / GGTTGT	GTAA / GGTTGT	AGGG / GGTTGT	GATG / GGTTGT	TCAG / GGTTGT	TGCG / GGTTGT
B	CGCTT / GGTTGT	TCACG / GGTTGT	CTAGG / GGTTGT	ACAAA / GGTTGT	TTCTG / GGTTGT	AGCCG / GGTTGT	GTATT / GGTTGT	CTGTA / GGTTGT	ACCGT / GGTTGT	GCTTA / GGTTGT	GGTGT / GGTTGT	AGGAT / GGTTGT
C	ATTGA / GGTTGT	CATCT / GGTTGT	CCTAG / GGTTGT	GAGGA / GGTTGT	GGAAG / GGTTGT	GTCAA / GGTTGT	TAATA / GGTTGT	TACAT / GGTTGT	TCGTT / GGTTGT	GGTTGT / GGTTGT	CCAGCT / GGTTGT	TTCAGA / GGTTGT
D	TAGGAA / GGTTGT	GCTCTA / GGTTGT	CCACAA / GGTTGT	CTTCCA / GGTTGT	GAGATA / GGTTGT	ATGCCT / GGTTGT	AGTGGA / GGTTGT	ACCTAA / GGTTGT	ATATGT / GGTTGT	ATCGTA / GGTTGT	CATCGT / GGTTGT	CGCGGT / GGTTGT
E	CTATTA / GGTTGT	GCCAGT / GGTTGT	GGAAGA / GGTTGT	GTACTT / GGTTGT	GTTGAA / GGTTGT	TAACGA / GGTTGT	TGGCTA / GGTTGT	TATTTTT / GGTTGT	CTTGCTT / GGTTGT	ATGAAAG / GGTTGT	AAAAGTT / GGTTGT	GAATTCA / GGTTGT
F	GAACTTG / GGTTGT	GGACCTA / GGTTGT	GTCGATT / GGTTGT	AACGCCT / GGTTGT	AATATGG / GGTTGT	ACGTGTT / GGTTGT	ATTAATT / GGTTGT	ATTGGAT / GGTTGT	CATAAGT / GGTTGT	CGCTGAT / GGTTGT	CGGTAGA / GGTTGT	CTACGGA / GGTTGT
G	GCGGAAT / GGTTGT	TAGCGGA / GGTTGT	TCGAAGA / GGTTGT	TCTGTGA / GGTTGT	TGCTGGA / GGTTGT	ACGACTAG / GGTTGT	TAGCATGG / GGTTGT	TAGGCCAT / GGTTGT	TGCAAGGA / GGTTGT	TGGTACGT / GGTTGT	TCTCAGTG / GGTTGT	CCGGATAT / GGTTGT
H	CGCCTTAT / GGTTGT	AACCGAGA / GGTTGT	ACAGGGAA / GGTTGT	ACGTGGTA / GGTTGT	CCATGGGT / GGTTGT	CGCGGAGA / GGTTGT	CGTGTGGT / GGTTGT	GCTGTGGA / GGTTGT	GGATTGGT / GGTTGT	GTGAGGGT / GGTTGT	TATCGGGA / GGTTGT	TTCCTGGA / GGTTGT
												
PstI_varG	1	2	3	4	5	6	7	8	9	10	11	12
A	CTCG / CCAGCT	TGCA / CCAGCT	ACTA / CCAGCT	CAGA / CCAGCT	AACT / CCAGCT	GCGT / CCAGCT	CGAT / CCAGCT	GTAA / CCAGCT	AGGG / CCAGCT	GATG / CCAGCT	TCAG / CCAGCT	TGCG / CCAGCT
B	CGCTT / CCAGCT	TCACG / CCAGCT	CTAGG / CCAGCT	ACAAA / CCAGCT	TTCTG / CCAGCT	AGCCG / CCAGCT	GTATT / CCAGCT	CTGTA / CCAGCT	ACCGT / CCAGCT	GCTTA / CCAGCT	GGTGT / CCAGCT	AGGAT / CCAGCT
C	ATTGA / CCAGCT	CATCT / CCAGCT	CCTAG / CCAGCT	GAGGA / CCAGCT	GGAAG / CCAGCT	GTCAA / CCAGCT	TAATA / CCAGCT	TACAT / CCAGCT	TCGTT / CCAGCT	GGTTGT / CCAGCT	CCAGCT / CCAGCT	TTCAGA / CCAGCT
D	TAGGAA / CCAGCT	GCTCTA / CCAGCT	CCACAA / CCAGCT	CTTCCA / CCAGCT	GAGATA / CCAGCT	ATGCCT / CCAGCT	AGTGGA / CCAGCT	ACCTAA / CCAGCT	ATATGT / CCAGCT	ATCGTA / CCAGCT	CATCGT / CCAGCT	CGCGGT / CCAGCT
E	CTATTA / CCAGCT	GCCAGT / CCAGCT	GGAAGA / CCAGCT	GTACTT / CCAGCT	GTTGAA / CCAGCT	TAACGA / CCAGCT	TGGCTA / CCAGCT	TATTTTT / CCAGCT	CTTGCTT / CCAGCT	ATGAAAG / CCAGCT	AAAAGTT / CCAGCT	GAATTCA / CCAGCT
F	GAACTTG / CCAGCT	GGACCTA / CCAGCT	GTCGATT / CCAGCT	AACGCCT / CCAGCT	AATATGG / CCAGCT	ACGTGTT / CCAGCT	ATTAATT / CCAGCT	ATTGGAT / CCAGCT	CATAAGT / CCAGCT	CGCTGAT / CCAGCT	CGGTAGA / CCAGCT	CTACGGA / CCAGCT
G	GCGGAAT / CCAGCT	TAGCGGA / CCAGCT	TCGAAGA / CCAGCT	TCTGTGA / CCAGCT	TGCTGGA / CCAGCT	ACGACTAG / CCAGCT	TAGCATGG / CCAGCT	TAGGCCAT / CCAGCT	TGCAAGGA / CCAGCT	TGGTACGT / CCAGCT	TCTCAGTG / CCAGCT	CCGGATAT / CCAGCT
H	CGCCTTAT / CCAGCT	AACCGAGA / CCAGCT	ACAGGGAA / CCAGCT	ACGTGGTA / CCAGCT	CCATGGGT / CCAGCT	CGCGGAGA / CCAGCT	CGTGTGGT / CCAGCT	GCTGTGGA / CCAGCT	GGATTGGT / CCAGCT	GTGAGGGT / CCAGCT	TATCGGGA / CCAGCT	TTCCTGGA / CCAGCT
												
CCGGplate1	1	2	3	4	5	6	7	8	9	10	11	12
A	accgt / gaattca	tcacg / gaattca	ctagg / gaattca	acaaa / gaattca	ttctg / gaattca	agccg / gaattca	gtatt / gaattca	ctgta / gaattca	cgctt / gaattca	gctta / gaattca	ggtgt / gaattca	ccagct / gaattca
B	accgt / gaacttg	tcacg / gaacttg	ctagg / gaacttg	acaaa / gaacttg	ttctg / gaacttg	agccg / gaacttg	gtatt / gaacttg	ctgta / gaacttg	cgctt / gaacttg	gctta / gaacttg	ggtgt / gaacttg	ccagct / gaacttg
C	accgt / ggaccta	tcacg / ggaccta	ctagg / ggaccta	acaaa / ggaccta	ttctg / ggaccta	agccg / ggaccta	gtatt / ggaccta	ctgta / ggaccta	cgctt / ggaccta	gctta / ggaccta	ggtgt / ggaccta	ccagct / ggaccta
D	accgt / gtcgatt	tcacg / gtcgatt	ctagg / gtcgatt	acaaa / gtcgatt	ttctg / gtcgatt	agccg / gtcgatt	gtatt / gtcgatt	ctgta / gtcgatt	cgctt / gtcgatt	gctta / gtcgatt	ggtgt / gtcgatt	ccagct / gtcgatt
E	accgt / aacgcct	tcacg / aacgcct	ctagg / aacgcct	acaaa / aacgcct	ttctg / aacgcct	agccg / aacgcct	gtatt / aacgcct	ctgta / aacgcct	cgctt / aacgcct	gctta / aacgcct	ggtgt / aacgcct	ccagct / aacgcct
F	accgt / aatatgg	tcacg / aatatgg	ctagg / aatatgg	acaaa / aatatgg	ttctg / aatatgg	agccg / aatatgg	gtatt / aatatgg	ctgta / aatatgg	cgctt / aatatgg	gctta / aatatgg	ggtgt / aatatgg	ccagct / aatatgg
G	accgt / acgactag	tcacg / acgactag	ctagg / acgactag	acaaa / acgactag	ttctg / acgactag	agccg / acgactag	gtatt / acgactag	ctgta / acgactag	cgctt / acgactag	gctta / acgactag	ggtgt / acgactag	ccagct / acgactag
H	accgt / agtgga	tcacg / agtgga	ctagg / agtgga	acaaa / agtgga	ttctg / agtgga	agccg / agtgga	gtatt / agtgga	ctgta / agtgga	cgctt / agtgga	gctta / agtgga	ggtgt / agtgga	ccagct / agtgga
												
CCGGplate2	1	2	3	4	5	6	7	8	9	10	11	12
A	accgt / tagcatgg	tcacg / tagcatgg	ctagg / tagcatgg	acaaa / tagcatgg	ttctg / tagcatgg	agccg / tagcatgg	gtatt / tagcatgg	ctgta / tagcatgg	cgctt / tagcatgg	gctta / tagcatgg	ggtgt / tagcatgg	ccagct / tagcatgg
B	accgt / ggttgt	tcacg / ggttgt	ctagg / ggttgt	acaaa / ggttgt	ttctg / ggttgt	agccg / ggttgt	gtatt / ggttgt	ctgta / ggttgt	cgctt / ggttgt	gctta / ggttgt	ggtgt / ggttgt	ccagct / ggttgt
C	accgt / taggccat	tcacg / taggccat	ctagg / taggccat	acaaa / taggccat	ttctg / taggccat	agccg / taggccat	gtatt / taggccat	ctgta / taggccat	cgctt / taggccat	gctta / taggccat	ggtgt / taggccat	ccagct / taggccat
D	accgt / ttcctgga	tcacg / ttcctgga	ctagg / ttcctgga	acaaa / ttcctgga	ttctg / ttcctgga	agccg / ttcctgga	gtatt / ttcctgga	ctgta / ttcctgga	cgctt / ttcctgga	gctta / ttcctgga	ggtgt / ttcctgga	ccagct / ttcctgga
E	accgt / tggtacgt	tcacg / tggtacgt	ctagg / tggtacgt	acaaa / tggtacgt	ttctg / tggtacgt	agccg / tggtacgt	gtatt / tggtacgt	ctgta / tggtacgt	cgctt / tggtacgt	gctta / tggtacgt	ggtgt / tggtacgt	ccagct / tggtacgt
F	accgt / tctcagtg	tcacg / tctcagtg	ctagg / tctcagtg	acaaa / tctcagtg	ttctg / tctcagtg	agccg / tctcagtg	gtatt / tctcagtg	ctgta / tctcagtg	cgctt / tctcagtg	gctta / tctcagtg	ggtgt / tctcagtg	ccagct / tctcagtg
G	accgt / ccggatat	tcacg / ccggatat	ctagg / ccggatat	acaaa / ccggatat	ttctg / ccggatat	agccg / ccggatat	gtatt / ccggatat	ctgta / ccggatat	cgctt / ccggatat	gctta / ccggatat	ggtgt / ccggatat	ccagct / ccggatat
H	accgt / cgccttat	tcacg / cgccttat	ctagg / cgccttat	acaaa / cgccttat	ttctg / cgccttat	agccg / cgccttat	gtatt / cgccttat	ctgta / cgccttat	cgctt / cgccttat	gctta / cgccttat	ggtgt / cgccttat	ccagct / cgccttat
												
CCGGplate3	1	2	3	4	5	6	7	8	9	10	11	12
A	accgt / tcaat	tcacg / tcaat	ctagg / tcaat	acaaa / tcaat	ttctg / tcaat	agccg / tcaat	gtatt / tcaat	ctgta / tcaat	cgctt / tcaat	gctta / tcaat	ggtgt / tcaat	ccagct / tcaat
B	accgt / agatg	tcacg / agatg	ctagg / agatg	acaaa / agatg	ttctg / agatg	agccg / agatg	gtatt / agatg	ctgta / agatg	cgctt / agatg	gctta / agatg	ggtgt / agatg	ccagct / agatg
C	accgt / ctagg	tcacg / ctagg	ctagg / ctagg	acaaa / ctagg	ttctg / ctagg	agccg / ctagg	gtatt / ctagg	ctgta / ctagg	cgctt / ctagg	gctta / ctagg	ggtgt / ctagg	ccagct / ctagg
D	accgt / tcctc	tcacg / tcctc	ctagg / tcctc	acaaa / tcctc	ttctg / tcctc	agccg / tcctc	gtatt / tcctc	ctgta / tcctc	cgctt / tcctc	gctta / tcctc	ggtgt / tcctc	ccagct / tcctc
E	accgt / cttcc	tcacg / cttcc	ctagg / cttcc	acaaa / cttcc	ttctg / cttcc	agccg / cttcc	gtatt / cttcc	ctgta / cttcc	cgctt / cttcc	gctta / cttcc	ggtgt / cttcc	ccagct / cttcc
F	accgt / ttgac	tcacg / ttgac	ctagg / ttgac	acaaa / ttgac	ttctg / ttgac	agccg / ttgac	gtatt / ttgac	ctgta / ttgac	cgctt / ttgac	gctta / ttgac	ggtgt / ttgac	ccagct / ttgac
G	accgt / tatta	tcacg / tatta	ctagg / tatta	acaaa / tatta	ttctg / tatta	agccg / tatta	gtatt / tatta	ctgta / tatta	cgctt / tatta	gctta / tatta	ggtgt / tatta	ccagct / tatta
H	accgt / atgta	tcacg / atgta	ctagg / atgta	acaaa / atgta	ttctg / atgta	agccg / atgta	gtatt / atgta	ctgta / atgta	cgctt / atgta	gctta / atgta	ggtgt / atgta	ccagct / atgta
												
CCGGplate4	1	2	3	4	5	6	7	8	9	10	11	12
A	ttcaga / gaattca	taggaa / gaattca	gctcta / gaattca	ccacaa / gaattca	tgcga / gaattca	cttcca / gaattca	gagata / gaattca	atgcct / gaattca	tattttt / gaattca	cttgctt / gaattca	atgaaag / gaattca	aaaagtt / gaattca
B	ttcaga / gaacttg	taggaa / gaacttg	gctcta / gaacttg	ccacaa / gaacttg	tgcga / gaacttg	cttcca / gaacttg	gagata / gaacttg	atgcct / gaacttg	tattttt / gaacttg	cttgctt / gaacttg	atgaaag / gaacttg	aaaagtt / gaacttg
C	ttcaga / ggaccta	taggaa / ggaccta	gctcta / ggaccta	ccacaa / ggaccta	tgcga / ggaccta	cttcca / ggaccta	gagata / ggaccta	atgcct / ggaccta	tattttt / ggaccta	cttgctt / ggaccta	atgaaag / ggaccta	aaaagtt / ggaccta
D	ttcaga / gtcgatt	taggaa / gtcgatt	gctcta / gtcgatt	ccacaa / gtcgatt	tgcga / gtcgatt	cttcca / gtcgatt	gagata / gtcgatt	atgcct / gtcgatt	tattttt / gtcgatt	cttgctt / gtcgatt	atgaaag / gtcgatt	aaaagtt / gtcgatt
E	ttcaga / aacgcct	taggaa / aacgcct	gctcta / aacgcct	ccacaa / aacgcct	tgcga / aacgcct	cttcca / aacgcct	gagata / aacgcct	atgcct / aacgcct	tattttt / aacgcct	cttgctt / aacgcct	atgaaag / aacgcct	aaaagtt / aacgcct
F	ttcaga / aatatgg	taggaa / aatatgg	gctcta / aatatgg	ccacaa / aatatgg	tgcga / aatatgg	cttcca / aatatgg	gagata / aatatgg	atgcct / aatatgg	tattttt / aatatgg	cttgctt / aatatgg	atgaaag / aatatgg	aaaagtt / aatatgg
G	ttcaga / acgactag	taggaa / acgactag	gctcta / acgactag	ccacaa / acgactag	tgcga / acgactag	cttcca / acgactag	gagata / acgactag	atgcct / acgactag	tattttt / acgactag	cttgctt / acgactag	atgaaag / acgactag	aaaagtt / acgactag
H	ttcaga / agtgga	taggaa / agtgga	gctcta / agtgga	ccacaa / agtgga	tgcga / agtgga	cttcca / agtgga	gagata / agtgga	atgcct / agtgga	tattttt / agtgga	cttgctt / agtgga	atgaaag / agtgga	aaaagtt / agtgga
												
CCGGplate5	1	2	3	4	5	6	7	8	9	10	11	12
A	ttcaga / tagcatgg	taggaa / tagcatgg	gctcta / tagcatgg	ccacaa / tagcatgg	tgcga / tagcatgg	cttcca / tagcatgg	gagata / tagcatgg	atgcct / tagcatgg	tattttt / tagcatgg	cttgctt / tagcatgg	atgaaag / tagcatgg	aaaagtt / tagcatgg
B	ttcaga / ggttgt	taggaa / ggttgt	gctcta / ggttgt	ccacaa / ggttgt	tgcga / ggttgt	cttcca / ggttgt	gagata / ggttgt	atgcct / ggttgt	tattttt / ggttgt	cttgctt / ggttgt	atgaaag / ggttgt	aaaagtt / ggttgt
C	ttcaga / taggccat	taggaa / taggccat	gctcta / taggccat	ccacaa / taggccat	tgcga / taggccat	cttcca / taggccat	gagata / taggccat	atgcct / taggccat	tattttt / taggccat	cttgctt / taggccat	atgaaag / taggccat	aaaagtt / taggccat
D	ttcaga / ttcctgga	taggaa / ttcctgga	gctcta / ttcctgga	ccacaa / ttcctgga	tgcga / ttcctgga	cttcca / ttcctgga	gagata / ttcctgga	atgcct / ttcctgga	tattttt / ttcctgga	cttgctt / ttcctgga	atgaaag / ttcctgga	aaaagtt / ttcctgga
E	ttcaga / tggtacgt	taggaa / tggtacgt	gctcta / tggtacgt	ccacaa / tggtacgt	tgcga / tggtacgt	cttcca / tggtacgt	gagata / tggtacgt	atgcct / tggtacgt	tattttt / tggtacgt	cttgctt / tggtacgt	atgaaag / tggtacgt	aaaagtt / tggtacgt
F	ttcaga / tctcagtg	taggaa / tctcagtg	gctcta / tctcagtg	ccacaa / tctcagtg	tgcga / tctcagtg	cttcca / tctcagtg	gagata / tctcagtg	atgcct / tctcagtg	tattttt / tctcagtg	cttgctt / tctcagtg	atgaaag / tctcagtg	aaaagtt / tctcagtg
G	ttcaga / ccggatat	taggaa / ccggatat	gctcta / ccggatat	ccacaa / ccggatat	tgcga / ccggatat	cttcca / ccggatat	gagata / ccggatat	atgcct / ccggatat	tattttt / ccggatat	cttgctt / ccggatat	atgaaag / ccggatat	aaaagtt / ccggatat
H	ttcaga / cgccttat	taggaa / cgccttat	gctcta / cgccttat	ccacaa / cgccttat	tgcga / cgccttat	cttcca / cgccttat	gagata / cgccttat	atgcct / cgccttat	tattttt / cgccttat	cttgctt / cgccttat	atgaaag / cgccttat	aaaagtt / cgccttat
												
CCGGplate6	1	2	3	4	5	6	7	8	9	10	11	12
A	ttcaga / tcaat	taggaa / tcaat	gctcta / tcaat	ccacaa / tcaat	tgcga / tcaat	cttcca / tcaat	gagata / tcaat	atgcct / tcaat	tattttt / tcaat	cttgctt / tcaat	atgaaag / tcaat	aaaagtt / tcaat
B	ttcaga / agatg	taggaa / agatg	gctcta / agatg	ccacaa / agatg	tgcga / agatg	cttcca / agatg	gagata / agatg	atgcct / agatg	tattttt / agatg	cttgctt / agatg	atgaaag / agatg	aaaagtt / agatg
C	ttcaga / ctagg	taggaa / ctagg	gctcta / ctagg	ccacaa / ctagg	tgcga / ctagg	cttcca / ctagg	gagata / ctagg	atgcct / ctagg	tattttt / ctagg	cttgctt / ctagg	atgaaag / ctagg	aaaagtt / ctagg
D	ttcaga / tcctc	taggaa / tcctc	gctcta / tcctc	ccacaa / tcctc	tgcga / tcctc	cttcca / tcctc	gagata / tcctc	atgcct / tcctc	tattttt / tcctc	cttgctt / tcctc	atgaaag / tcctc	aaaagtt / tcctc
E	ttcaga / cttcc	taggaa / cttcc	gctcta / cttcc	ccacaa / cttcc	tgcga / cttcc	cttcca / cttcc	gagata / cttcc	atgcct / cttcc	tattttt / cttcc	cttgctt / cttcc	atgaaag / cttcc	aaaagtt / cttcc
F	ttcaga / ttgac	taggaa / ttgac	gctcta / ttgac	ccacaa / ttgac	tgcga / ttgac	cttcca / ttgac	gagata / ttgac	atgcct / ttgac	tattttt / ttgac	cttgctt / ttgac	atgaaag / ttgac	aaaagtt / ttgac
G	ttcaga / tatta	taggaa / tatta	gctcta / tatta	ccacaa / tatta	tgcga / tatta	cttcca / tatta	gagata / tatta	atgcct / tatta	tattttt / tatta	cttgctt / tatta	atgaaag / tatta	aaaagtt / tatta
H	ttcaga / atgta	taggaa / atgta	gctcta / atgta	ccacaa / atgta	tgcga / atgta	cttcca / atgta	gagata / atgta	atgcct / atgta	tattttt / atgta	cttgctt / atgta	atgaaag / atgta	aaaagtt / atgta
												
PstIAdapterPlate1	1	2	3	4	5	6	7	8	9	10	11	12
A	CTCG / ATGAAAG	TGCA / ATGAAAG	ACTA / ATGAAAG	CAGA / ATGAAAG	AACT / ATGAAAG	GCGT / ATGAAAG	CGAT / ATGAAAG	GTAA / ATGAAAG	AGGG / ATGAAAG	GATG / ATGAAAG	TCAG / ATGAAAG	TGCG / ATGAAAG
B	CGCTT / CTCG	TCACG / CTCG	CTAGG / CTCG	ACAAA / CTCG	TTCTG / CTCG	AGCCG / CTCG	GTATT / CTCG	CTGTA / CTCG	ACCGT / CTCG	GCTTA / CTCG	GGTGT / CTCG	AGGAT / CTCG
C	ATTGA / ACGACTAG	CATCT / ACGACTAG	CCTAG / ACGACTAG	GAGGA / ACGACTAG	GGAAG / ACGACTAG	GTCAA / ACGACTAG	TAATA / ACGACTAG	TACAT / ACGACTAG	TCGTT / ACGACTAG	GGTTGT / ACGACTAG	CCAGCT / ACGACTAG	TTCAGA / ACGACTAG
D	TAGGAA / ACTA	GCTCTA / ACTA	CCACAA / ACTA	CTTCCA / ACTA	GAGATA / ACTA	ATGCCT / ACTA	AGTGGA / ACTA	ACCTAA / ACTA	ATATGT / ACTA	ATCGTA / ACTA	CATCGT / ACTA	CGCGGT / ACTA
E	CTATTA / TGCGA	GCCAGT / TGCGA	GGAAGA / TGCGA	GTACTT / TGCGA	GTTGAA / TGCGA	TAACGA / TGCGA	TGGCTA / TGCGA	TATTTTT / TGCGA	CTTGCTT / TGCGA	ATGAAAG / TGCGA	AAAAGTT / TGCGA	GAATTCA / TGCGA
F	GAACTTG / CGCTT	GGACCTA / CGCTT	GTCGATT / CGCTT	AACGCCT / CGCTT	AATATGG / CGCTT	ACGTGTT / CGCTT	ATTAATT / CGCTT	ATTGGAT / CGCTT	CATAAGT / CGCTT	CGCTGAT / CGCTT	CGGTAGA / CGCTT	CTACGGA / CGCTT
G	GCGGAAT / GGTTGT	TAGCGGA / GGTTGT	TCGAAGA / GGTTGT	TCTGTGA / GGTTGT	TGCTGGA / GGTTGT	ACGACTAG / GGTTGT	TAGCATGG / GGTTGT	TAGGCCAT / GGTTGT	TGCAAGGA / GGTTGT	TGGTACGT / GGTTGT	TCTCAGTG / GGTTGT	CCGGATAT / GGTTGT
H	CGCCTTAT / CCAGCT	AACCGAGA / CCAGCT	ACAGGGAA / CCAGCT	ACGTGGTA / CCAGCT	CCATGGGT / CCAGCT	CGCGGAGA / CCAGCT	CGTGTGGT / CCAGCT	GCTGTGGA / CCAGCT	GGATTGGT / CCAGCT	GTGAGGGT / CCAGCT	TATCGGGA / CCAGCT	TTCCTGGA / CCAGCT
												
PstIAdapterPlate2	1	2	3	4	5	6	7	8	9	10	11	12
A	CTCG / CCAGCT	TGCA / CCAGCT	ACTA / CCAGCT	CAGA / CCAGCT	AACT / CCAGCT	GCGT / CCAGCT	CGAT / CCAGCT	GTAA / CCAGCT	AGGG / CCAGCT	GATG / CCAGCT	TCAG / CCAGCT	TGCG / CCAGCT
B	CGCTT / ATGAAAG	TCACG / ATGAAAG	CTAGG / ATGAAAG	ACAAA / ATGAAAG	TTCTG / ATGAAAG	AGCCG / ATGAAAG	GTATT / ATGAAAG	CTGTA / ATGAAAG	ACCGT / ATGAAAG	GCTTA / ATGAAAG	GGTGT / ATGAAAG	AGGAT / ATGAAAG
C	ATTGA / CTCG	CATCT / CTCG	CCTAG / CTCG	GAGGA / CTCG	GGAAG / CTCG	GTCAA / CTCG	TAATA / CTCG	TACAT / CTCG	TCGTT / CTCG	GGTTGT / CTCG	CCAGCT / CTCG	TTCAGA / CTCG
D	TAGGAA / ACGACTAG	GCTCTA / ACGACTAG	CCACAA / ACGACTAG	CTTCCA / ACGACTAG	GAGATA / ACGACTAG	ATGCCT / ACGACTAG	AGTGGA / ACGACTAG	ACCTAA / ACGACTAG	ATATGT / ACGACTAG	ATCGTA / ACGACTAG	CATCGT / ACGACTAG	CGCGGT / ACGACTAG
E	CTATTA / ACTA	GCCAGT / ACTA	GGAAGA / ACTA	GTACTT / ACTA	GTTGAA / ACTA	TAACGA / ACTA	TGGCTA / ACTA	TATTTTT / ACTA	CTTGCTT / ACTA	ATGAAAG / ACTA	AAAAGTT / ACTA	GAATTCA / ACTA
F	GAACTTG / TGCGA	GGACCTA / TGCGA	GTCGATT / TGCGA	AACGCCT / TGCGA	AATATGG / TGCGA	ACGTGTT / TGCGA	ATTAATT / TGCGA	ATTGGAT / TGCGA	CATAAGT / TGCGA	CGCTGAT / TGCGA	CGGTAGA / TGCGA	CTACGGA / TGCGA
G	GCGGAAT / CGCTT	TAGCGGA / CGCTT	TCGAAGA / CGCTT	TCTGTGA / CGCTT	TGCTGGA / CGCTT	ACGACTAG / CGCTT	TAGCATGG / CGCTT	TAGGCCAT / CGCTT	TGCAAGGA / CGCTT	TGGTACGT / CGCTT	TCTCAGTG / CGCTT	CCGGATAT / CGCTT
H	CGCCTTAT / GGTTGT	AACCGAGA / GGTTGT	ACAGGGAA / GGTTGT	ACGTGGTA / GGTTGT	CCATGGGT / GGTTGT	CGCGGAGA / GGTTGT	CGTGTGGT / GGTTGT	GCTGTGGA / GGTTGT	GGATTGGT / GGTTGT	GTGAGGGT / GGTTGT	TATCGGGA / GGTTGT	TTCCTGGA / GGTTGT
												
PstIAdapterPlate3	1	2	3	4	5	6	7	8	9	10	11	12
A	CTCG / GGTTGT	TGCA / GGTTGT	ACTA / GGTTGT	CAGA / GGTTGT	AACT / GGTTGT	GCGT / GGTTGT	CGAT / GGTTGT	GTAA / GGTTGT	AGGG / GGTTGT	GATG / GGTTGT	TCAG / GGTTGT	TGCG / GGTTGT
B	CGCTT / CCAGCT	TCACG / CCAGCT	CTAGG / CCAGCT	ACAAA / CCAGCT	TTCTG / CCAGCT	AGCCG / CCAGCT	GTATT / CCAGCT	CTGTA / CCAGCT	ACCGT / CCAGCT	GCTTA / CCAGCT	GGTGT / CCAGCT	AGGAT / CCAGCT
C	ATTGA / ATGAAAG	CATCT / ATGAAAG	CCTAG / ATGAAAG	GAGGA / ATGAAAG	GGAAG / ATGAAAG	GTCAA / ATGAAAG	TAATA / ATGAAAG	TACAT / ATGAAAG	TCGTT / ATGAAAG	GGTTGT / ATGAAAG	CCAGCT / ATGAAAG	TTCAGA / ATGAAAG
D	TAGGAA / CTCG	GCTCTA / CTCG	CCACAA / CTCG	CTTCCA / CTCG	GAGATA / CTCG	ATGCCT / CTCG	AGTGGA / CTCG	ACCTAA / CTCG	ATATGT / CTCG	ATCGTA / CTCG	CATCGT / CTCG	CGCGGT / CTCG
E	CTATTA / ACGACTAG	GCCAGT / ACGACTAG	GGAAGA / ACGACTAG	GTACTT / ACGACTAG	GTTGAA / ACGACTAG	TAACGA / ACGACTAG	TGGCTA / ACGACTAG	TATTTTT / ACGACTAG	CTTGCTT / ACGACTAG	ATGAAAG / ACGACTAG	AAAAGTT / ACGACTAG	GAATTCA / ACGACTAG
F	GAACTTG / ACTA	GGACCTA / ACTA	GTCGATT / ACTA	AACGCCT / ACTA	AATATGG / ACTA	ACGTGTT / ACTA	ATTAATT / ACTA	ATTGGAT / ACTA	CATAAGT / ACTA	CGCTGAT / ACTA	CGGTAGA / ACTA	CTACGGA / ACTA
G	GCGGAAT / TGCGA	TAGCGGA / TGCGA	TCGAAGA / TGCGA	TCTGTGA / TGCGA	TGCTGGA / TGCGA	ACGACTAG / TGCGA	TAGCATGG / TGCGA	TAGGCCAT / TGCGA	TGCAAGGA / TGCGA	TGGTACGT / TGCGA	TCTCAGTG / TGCGA	CCGGATAT / TGCGA
H	CGCCTTAT / CGCTT	AACCGAGA / CGCTT	ACAGGGAA / CGCTT	ACGTGGTA / CGCTT	CCATGGGT / CGCTT	CGCGGAGA / CGCTT	CGTGTGGT / CGCTT	GCTGTGGA / CGCTT	GGATTGGT / CGCTT	GTGAGGGT / CGCTT	TATCGGGA / CGCTT	TTCCTGGA / CGCTT
												
PstIAdapterPlate4	1	2	3	4	5	6	7	8	9	10	11	12
A	CTCG / CGCTT	TGCA / CGCTT	ACTA / CGCTT	CAGA / CGCTT	AACT / CGCTT	GCGT / CGCTT	CGAT / CGCTT	GTAA / CGCTT	AGGG / CGCTT	GATG / CGCTT	TCAG / CGCTT	TGCG / CGCTT
B	CGCTT / GGTTGT	TCACG / GGTTGT	CTAGG / GGTTGT	ACAAA / GGTTGT	TTCTG / GGTTGT	AGCCG / GGTTGT	GTATT / GGTTGT	CTGTA / GGTTGT	ACCGT / GGTTGT	GCTTA / GGTTGT	GGTGT / GGTTGT	AGGAT / GGTTGT
C	ATTGA / CCAGCT	CATCT / CCAGCT	CCTAG / CCAGCT	GAGGA / CCAGCT	GGAAG / CCAGCT	GTCAA / CCAGCT	TAATA / CCAGCT	TACAT / CCAGCT	TCGTT / CCAGCT	GGTTGT / CCAGCT	CCAGCT / CCAGCT	TTCAGA / CCAGCT
D	TAGGAA / ATGAAAG	GCTCTA / ATGAAAG	CCACAA / ATGAAAG	CTTCCA / ATGAAAG	GAGATA / ATGAAAG	ATGCCT / ATGAAAG	AGTGGA / ATGAAAG	ACCTAA / ATGAAAG	ATATGT / ATGAAAG	ATCGTA / ATGAAAG	CATCGT / ATGAAAG	CGCGGT / ATGAAAG
E	CTATTA / CTCG	GCCAGT / CTCG	GGAAGA / CTCG	GTACTT / CTCG	GTTGAA / CTCG	TAACGA / CTCG	TGGCTA / CTCG	TATTTTT / CTCG	CTTGCTT / CTCG	ATGAAAG / CTCG	AAAAGTT / CTCG	GAATTCA / CTCG
F	GAACTTG / ACGACTAG	GGACCTA / ACGACTAG	GTCGATT / ACGACTAG	AACGCCT / ACGACTAG	AATATGG / ACGACTAG	ACGTGTT / ACGACTAG	ATTAATT / ACGACTAG	ATTGGAT / ACGACTAG	CATAAGT / ACGACTAG	CGCTGAT / ACGACTAG	CGGTAGA / ACGACTAG	CTACGGA / ACGACTAG
G	GCGGAAT / ACTA	TAGCGGA / ACTA	TCGAAGA / ACTA	TCTGTGA / ACTA	TGCTGGA / ACTA	ACGACTAG / ACTA	TAGCATGG / ACTA	TAGGCCAT / ACTA	TGCAAGGA / ACTA	TGGTACGT / ACTA	TCTCAGTG / ACTA	CCGGATAT / ACTA
H	CGCCTTAT / TGCGA	AACCGAGA / TGCGA	ACAGGGAA / TGCGA	ACGTGGTA / TGCGA	CCATGGGT / TGCGA	CGCGGAGA / TGCGA	CGTGTGGT / TGCGA	GCTGTGGA / TGCGA	GGATTGGT / TGCGA	GTGAGGGT / TGCGA	TATCGGGA / TGCGA	TTCCTGGA / TGCGA
												
PstIAdapterPlate5	1	2	3	4	5	6	7	8	9	10	11	12
A	CTCG / TGCGA	TGCA / TGCGA	ACTA / TGCGA	CAGA / TGCGA	AACT / TGCGA	GCGT / TGCGA	CGAT / TGCGA	GTAA / TGCGA	AGGG / TGCGA	GATG / TGCGA	TCAG / TGCGA	TGCG / TGCGA
B	CGCTT / CGCTT	TCACG / CGCTT	CTAGG / CGCTT	ACAAA / CGCTT	TTCTG / CGCTT	AGCCG / CGCTT	GTATT / CGCTT	CTGTA / CGCTT	ACCGT / CGCTT	GCTTA / CGCTT	GGTGT / CGCTT	AGGAT / CGCTT
C	ATTGA / GGTTGT	CATCT / GGTTGT	CCTAG / GGTTGT	GAGGA / GGTTGT	GGAAG / GGTTGT	GTCAA / GGTTGT	TAATA / GGTTGT	TACAT / GGTTGT	TCGTT / GGTTGT	GGTTGT / GGTTGT	CCAGCT / GGTTGT	TTCAGA / GGTTGT
D	TAGGAA / CCAGCT	GCTCTA / CCAGCT	CCACAA / CCAGCT	CTTCCA / CCAGCT	GAGATA / CCAGCT	ATGCCT / CCAGCT	AGTGGA / CCAGCT	ACCTAA / CCAGCT	ATATGT / CCAGCT	ATCGTA / CCAGCT	CATCGT / CCAGCT	CGCGGT / CCAGCT
E	CTATTA / ATGAAAG	GCCAGT / ATGAAAG	GGAAGA / ATGAAAG	GTACTT / ATGAAAG	GTTGAA / ATGAAAG	TAACGA / ATGAAAG	TGGCTA / ATGAAAG	TATTTTT / ATGAAAG	CTTGCTT / ATGAAAG	ATGAAAG / ATGAAAG	AAAAGTT / ATGAAAG	GAATTCA / ATGAAAG
F	GAACTTG / CTCG	GGACCTA / CTCG	GTCGATT / CTCG	AACGCCT / CTCG	AATATGG / CTCG	ACGTGTT / CTCG	ATTAATT / CTCG	ATTGGAT / CTCG	CATAAGT / CTCG	CGCTGAT / CTCG	CGGTAGA / CTCG	CTACGGA / CTCG
G	GCGGAAT / ACGACTAG	TAGCGGA / ACGACTAG	TCGAAGA / ACGACTAG	TCTGTGA / ACGACTAG	TGCTGGA / ACGACTAG	ACGACTAG / ACGACTAG	TAGCATGG / ACGACTAG	TAGGCCAT / ACGACTAG	TGCAAGGA / ACGACTAG	TGGTACGT / ACGACTAG	TCTCAGTG / ACGACTAG	CCGGATAT / ACGACTAG
H	CGCCTTAT / ACTA	AACCGAGA / ACTA	ACAGGGAA / ACTA	ACGTGGTA / ACTA	CCATGGGT / ACTA	CGCGGAGA / ACTA	CGTGTGGT / ACTA	GCTGTGGA / ACTA	GGATTGGT / ACTA	GTGAGGGT / ACTA	TATCGGGA / ACTA	TTCCTGGA / ACTA
												
PstIAdapterPlate6	1	2	3	4	5	6	7	8	9	10	11	12
A	CTCG / ACTA	TGCA / ACTA	ACTA / ACTA	CAGA / ACTA	AACT / ACTA	GCGT / ACTA	CGAT / ACTA	GTAA / ACTA	AGGG / ACTA	GATG / ACTA	TCAG / ACTA	TGCG / ACTA
B	CGCTT / TGCGA	TCACG / TGCGA	CTAGG / TGCGA	ACAAA / TGCGA	TTCTG / TGCGA	AGCCG / TGCGA	GTATT / TGCGA	CTGTA / TGCGA	ACCGT / TGCGA	GCTTA / TGCGA	GGTGT / TGCGA	AGGAT / TGCGA
C	ATTGA / CGCTT	CATCT / CGCTT	CCTAG / CGCTT	GAGGA / CGCTT	GGAAG / CGCTT	GTCAA / CGCTT	TAATA / CGCTT	TACAT / CGCTT	TCGTT / CGCTT	GGTTGT / CGCTT	CCAGCT / CGCTT	TTCAGA / CGCTT
D	TAGGAA / GGTTGT	GCTCTA / GGTTGT	CCACAA / GGTTGT	CTTCCA / GGTTGT	GAGATA / GGTTGT	ATGCCT / GGTTGT	AGTGGA / GGTTGT	ACCTAA / GGTTGT	ATATGT / GGTTGT	ATCGTA / GGTTGT	CATCGT / GGTTGT	CGCGGT / GGTTGT
E	CTATTA / CCAGCT	GCCAGT / CCAGCT	GGAAGA / CCAGCT	GTACTT / CCAGCT	GTTGAA / CCAGCT	TAACGA / CCAGCT	TGGCTA / CCAGCT	TATTTTT / CCAGCT	CTTGCTT / CCAGCT	ATGAAAG / CCAGCT	AAAAGTT / CCAGCT	GAATTCA / CCAGCT
F	GAACTTG / ATGAAAG	GGACCTA / ATGAAAG	GTCGATT / ATGAAAG	AACGCCT / ATGAAAG	AATATGG / ATGAAAG	ACGTGTT / ATGAAAG	ATTAATT / ATGAAAG	ATTGGAT / ATGAAAG	CATAAGT / ATGAAAG	CGCTGAT / ATGAAAG	CGGTAGA / ATGAAAG	CTACGGA / ATGAAAG
G	GCGGAAT / CTCG	TAGCGGA / CTCG	TCGAAGA / CTCG	TCTGTGA / CTCG	TGCTGGA / CTCG	ACGACTAG / CTCG	TAGCATGG / CTCG	TAGGCCAT / CTCG	TGCAAGGA / CTCG	TGGTACGT / CTCG	TCTCAGTG / CTCG	CCGGATAT / CTCG
H	CGCCTTAT / ACGACTAG	AACCGAGA / ACGACTAG	ACAGGGAA / ACGACTAG	ACGTGGTA / ACGACTAG	CCATGGGT / ACGACTAG	CGCGGAGA / ACGACTAG	CGTGTGGT / ACGACTAG	GCTGTGGA / ACGACTAG	GGATTGGT / ACGACTAG	GTGAGGGT / ACGACTAG	TATCGGGA / ACGACTAG	TTCCTGGA / ACGACTAG
												
PstIAdapterPlate7	1	2	3	4	5	6	7	8	9	10	11	12
A	CTCG / ACGACTAG	TGCA / ACGACTAG	ACTA / ACGACTAG	CAGA / ACGACTAG	AACT / ACGACTAG	GCGT / ACGACTAG	CGAT / ACGACTAG	GTAA / ACGACTAG	AGGG / ACGACTAG	GATG / ACGACTAG	TCAG / ACGACTAG	TGCG / ACGACTAG
B	CGCTT / ACTA	TCACG / ACTA	CTAGG / ACTA	ACAAA / ACTA	TTCTG / ACTA	AGCCG / ACTA	GTATT / ACTA	CTGTA / ACTA	ACCGT / ACTA	GCTTA / ACTA	GGTGT / ACTA	AGGAT / ACTA
C	ATTGA / TGCGA	CATCT / TGCGA	CCTAG / TGCGA	GAGGA / TGCGA	GGAAG / TGCGA	GTCAA / TGCGA	TAATA / TGCGA	TACAT / TGCGA	TCGTT / TGCGA	GGTTGT / TGCGA	CCAGCT / TGCGA	TTCAGA / TGCGA
D	TAGGAA / CGCTT	GCTCTA / CGCTT	CCACAA / CGCTT	CTTCCA / CGCTT	GAGATA / CGCTT	ATGCCT / CGCTT	AGTGGA / CGCTT	ACCTAA / CGCTT	ATATGT / CGCTT	ATCGTA / CGCTT	CATCGT / CGCTT	CGCGGT / CGCTT
E	CTATTA / GGTTGT	GCCAGT / GGTTGT	GGAAGA / GGTTGT	GTACTT / GGTTGT	GTTGAA / GGTTGT	TAACGA / GGTTGT	TGGCTA / GGTTGT	TATTTTT / GGTTGT	CTTGCTT / GGTTGT	ATGAAAG / GGTTGT	AAAAGTT / GGTTGT	GAATTCA / GGTTGT
F	GAACTTG / CCAGCT	GGACCTA / CCAGCT	GTCGATT / CCAGCT	AACGCCT / CCAGCT	AATATGG / CCAGCT	ACGTGTT / CCAGCT	ATTAATT / CCAGCT	ATTGGAT / CCAGCT	CATAAGT / CCAGCT	CGCTGAT / CCAGCT	CGGTAGA / CCAGCT	CTACGGA / CCAGCT
G	GCGGAAT / ATGAAAG	TAGCGGA / ATGAAAG	TCGAAGA / ATGAAAG	TCTGTGA / ATGAAAG	TGCTGGA / ATGAAAG	ACGACTAG / ATGAAAG	TAGCATGG / ATGAAAG	TAGGCCAT / ATGAAAG	TGCAAGGA / ATGAAAG	TGGTACGT / ATGAAAG	TCTCAGTG / ATGAAAG	CCGGATAT / ATGAAAG
H	CGCCTTAT / CTCG	AACCGAGA / CTCG	ACAGGGAA / CTCG	ACGTGGTA / CTCG	CCATGGGT / CTCG	CGCGGAGA / CTCG	CGTGTGGT / CTCG	GCTGTGGA / CTCG	GGATTGGT / CTCG	GTGAGGGT / CTCG	TATCGGGA / CTCG	TTCCTGGA / CTCG
												
PstIAdapterPlate8	1	2	3	4	5	6	7	8	9	10	11	12
A	CTCG / CTCG	TGCA / CTCG	ACTA / CTCG	CAGA / CTCG	AACT / CTCG	GCGT / CTCG	CGAT / CTCG	GTAA / CTCG	AGGG / CTCG	GATG / CTCG	TCAG / CTCG	TGCG / CTCG
B	CGCTT / ACGACTAG	TCACG / ACGACTAG	CTAGG / ACGACTAG	ACAAA / ACGACTAG	TTCTG / ACGACTAG	AGCCG / ACGACTAG	GTATT / ACGACTAG	CTGTA / ACGACTAG	ACCGT / ACGACTAG	GCTTA / ACGACTAG	GGTGT / ACGACTAG	AGGAT / ACGACTAG
C	ATTGA / ACTA	CATCT / ACTA	CCTAG / ACTA	GAGGA / ACTA	GGAAG / ACTA	GTCAA / ACTA	TAATA / ACTA	TACAT / ACTA	TCGTT / ACTA	GGTTGT / ACTA	CCAGCT / ACTA	TTCAGA / ACTA
D	TAGGAA / TGCGA	GCTCTA / TGCGA	CCACAA / TGCGA	CTTCCA / TGCGA	GAGATA / TGCGA	ATGCCT / TGCGA	AGTGGA / TGCGA	ACCTAA / TGCGA	ATATGT / TGCGA	ATCGTA / TGCGA	CATCGT / TGCGA	CGCGGT / TGCGA
E	CTATTA / CGCTT	GCCAGT / CGCTT	GGAAGA / CGCTT	GTACTT / CGCTT	GTTGAA / CGCTT	TAACGA / CGCTT	TGGCTA / CGCTT	TATTTTT / CGCTT	CTTGCTT / CGCTT	ATGAAAG / CGCTT	AAAAGTT / CGCTT	GAATTCA / CGCTT
F	GAACTTG / GGTTGT	GGACCTA / GGTTGT	GTCGATT / GGTTGT	AACGCCT / GGTTGT	AATATGG / GGTTGT	ACGTGTT / GGTTGT	ATTAATT / GGTTGT	ATTGGAT / GGTTGT	CATAAGT / GGTTGT	CGCTGAT / GGTTGT	CGGTAGA / GGTTGT	CTACGGA / GGTTGT
G	GCGGAAT / CCAGCT	TAGCGGA / CCAGCT	TCGAAGA / CCAGCT	TCTGTGA / CCAGCT	TGCTGGA / CCAGCT	ACGACTAG / CCAGCT	TAGCATGG / CCAGCT	TAGGCCAT / CCAGCT	TGCAAGGA / CCAGCT	TGGTACGT / CCAGCT	TCTCAGTG / CCAGCT	CCGGATAT / CCAGCT
H	CGCCTTAT / ATGAAAG	AACCGAGA / ATGAAAG	ACAGGGAA / ATGAAAG	ACGTGGTA / ATGAAAG	CCATGGGT / ATGAAAG	CGCGGAGA / ATGAAAG	CGTGTGGT / ATGAAAG	GCTGTGGA / ATGAAAG	GGATTGGT / ATGAAAG	GTGAGGGT / ATGAAAG	TATCGGGA / ATGAAAG	TTCCTGGA / ATGAAAG
												
PstIAdapterPlate9	1	2	3	4	5	6	7	8	9	10	11	12
A	CTCG / CTTGCTT	TGCA / CTTGCTT	ACTA / CTTGCTT	CAGA / CTTGCTT	AACT / CTTGCTT	GCGT / CTTGCTT	CGAT / CTTGCTT	GTAA / CTTGCTT	AGGG / CTTGCTT	GATG / CTTGCTT	TCAG / CTTGCTT	TGCG / CTTGCTT
B	CGCTT / CTTGCTT	TCACG / CTTGCTT	CTAGG / CTTGCTT	ACAAA / CTTGCTT	TTCTG / CTTGCTT	AGCCG / CTTGCTT	GTATT / CTTGCTT	CTGTA / CTTGCTT	ACCGT / CTTGCTT	GCTTA / CTTGCTT	GGTGT / CTTGCTT	AGGAT / CTTGCTT
C	ATTGA / TTCAGA	CATCT / TTCAGA	CCTAG / TTCAGA	GAGGA / TTCAGA	GGAAG / TTCAGA	GTCAA / TTCAGA	TAATA / TTCAGA	TACAT / TTCAGA	TCGTT / TTCAGA	GGTTGT / TTCAGA	CCAGCT / TTCAGA	TTCAGA / TTCAGA
D	TAGGAA / TTCAGA	GCTCTA / TTCAGA	CCACAA / TTCAGA	CTTCCA / TTCAGA	GAGATA / TTCAGA	ATGCCT / TTCAGA	AGTGGA / TTCAGA	ACCTAA / TTCAGA	ATATGT / TTCAGA	ATCGTA / TTCAGA	CATCGT / TTCAGA	CGCGGT / TTCAGA
E	CTATTA / TCACG	GCCAGT / TCACG	GGAAGA / TCACG	GTACTT / TCACG	GTTGAA / TCACG	TAACGA / TCACG	TGGCTA / TCACG	TATTTTT / TCACG	CTTGCTT / TCACG	ATGAAAG / TCACG	AAAAGTT / TCACG	GAATTCA / TCACG
F	GAACTTG / TCACG	GGACCTA / TCACG	GTCGATT / TCACG	AACGCCT / TCACG	AATATGG / TCACG	ACGTGTT / TCACG	ATTAATT / TCACG	ATTGGAT / TCACG	CATAAGT / TCACG	CGCTGAT / TCACG	CGGTAGA / TCACG	CTACGGA / TCACG
G	GCGGAAT / GCGT	TAGCGGA / GCGT	TCGAAGA / GCGT	TCTGTGA / GCGT	TGCTGGA / GCGT	ACGACTAG / GCGT	TAGCATGG / GCGT	TAGGCCAT / GCGT	TGCAAGGA / GCGT	TGGTACGT / GCGT	TCTCAGTG / GCGT	CCGGATAT / GCGT
H	CGCCTTAT / GCGT	AACCGAGA / GCGT	ACAGGGAA / GCGT	ACGTGGTA / GCGT	CCATGGGT / GCGT	CGCGGAGA / GCGT	CGTGTGGT / GCGT	GCTGTGGA / GCGT	GGATTGGT / GCGT	GTGAGGGT / GCGT	TATCGGGA / GCGT	TTCCTGGA / GCGT
												
PstIAdapterPlate10	1	2	3	4	5	6	7	8	9	10	11	12
A	CTCG / GCGT	TGCA / GCGT	ACTA / GCGT	CAGA / GCGT	AACT / GCGT	GCGT / GCGT	CGAT / GCGT	GTAA / GCGT	AGGG / GCGT	GATG / GCGT	TCAG / GCGT	TGCG / GCGT
B	CGCTT / GCGT	TCACG / GCGT	CTAGG / GCGT	ACAAA / GCGT	TTCTG / GCGT	AGCCG / GCGT	GTATT / GCGT	CTGTA / GCGT	ACCGT / GCGT	GCTTA / GCGT	GGTGT / GCGT	AGGAT / GCGT
C	ATTGA / CTTGCTT	CATCT / CTTGCTT	CCTAG / CTTGCTT	GAGGA / CTTGCTT	GGAAG / CTTGCTT	GTCAA / CTTGCTT	TAATA / CTTGCTT	TACAT / CTTGCTT	TCGTT / CTTGCTT	GGTTGT / CTTGCTT	CCAGCT / CTTGCTT	TTCAGA / CTTGCTT
D	TAGGAA / CTTGCTT	GCTCTA / CTTGCTT	CCACAA / CTTGCTT	CTTCCA / CTTGCTT	GAGATA / CTTGCTT	ATGCCT / CTTGCTT	AGTGGA / CTTGCTT	ACCTAA / CTTGCTT	ATATGT / CTTGCTT	ATCGTA / CTTGCTT	CATCGT / CTTGCTT	CGCGGT / CTTGCTT
E	CTATTA / TTCAGA	GCCAGT / TTCAGA	GGAAGA / TTCAGA	GTACTT / TTCAGA	GTTGAA / TTCAGA	TAACGA / TTCAGA	TGGCTA / TTCAGA	TATTTTT / TTCAGA	CTTGCTT / TTCAGA	ATGAAAG / TTCAGA	AAAAGTT / TTCAGA	GAATTCA / TTCAGA
F	GAACTTG / TTCAGA	GGACCTA / TTCAGA	GTCGATT / TTCAGA	AACGCCT / TTCAGA	AATATGG / TTCAGA	ACGTGTT / TTCAGA	ATTAATT / TTCAGA	ATTGGAT / TTCAGA	CATAAGT / TTCAGA	CGCTGAT / TTCAGA	CGGTAGA / TTCAGA	CTACGGA / TTCAGA
G	GCGGAAT / TCACG	TAGCGGA / TCACG	TCGAAGA / TCACG	TCTGTGA / TCACG	TGCTGGA / TCACG	ACGACTAG / TCACG	TAGCATGG / TCACG	TAGGCCAT / TCACG	TGCAAGGA / TCACG	TGGTACGT / TCACG	TCTCAGTG / TCACG	CCGGATAT / TCACG
H	CGCCTTAT / TCACG	AACCGAGA / TCACG	ACAGGGAA / TCACG	ACGTGGTA / TCACG	CCATGGGT / TCACG	CGCGGAGA / TCACG	CGTGTGGT / TCACG	GCTGTGGA / TCACG	GGATTGGT / TCACG	GTGAGGGT / TCACG	TATCGGGA / TCACG	TTCCTGGA / TCACG
												
PstIAdapterPlate11	1	2	3	4	5	6	7	8	9	10	11	12
A	CTCG / TCACG	TGCA / TCACG	ACTA / TCACG	CAGA / TCACG	AACT / TCACG	GCGT / TCACG	CGAT / TCACG	GTAA / TCACG	AGGG / TCACG	GATG / TCACG	TCAG / TCACG	TGCG / TCACG
B	CGCTT / TCACG	TCACG / TCACG	CTAGG / TCACG	ACAAA / TCACG	TTCTG / TCACG	AGCCG / TCACG	GTATT / TCACG	CTGTA / TCACG	ACCGT / TCACG	GCTTA / TCACG	GGTGT / TCACG	AGGAT / TCACG
C	ATTGA / GCGT	CATCT / GCGT	CCTAG / GCGT	GAGGA / GCGT	GGAAG / GCGT	GTCAA / GCGT	TAATA / GCGT	TACAT / GCGT	TCGTT / GCGT	GGTTGT / GCGT	CCAGCT / GCGT	TTCAGA / GCGT
D	TAGGAA / GCGT	GCTCTA / GCGT	CCACAA / GCGT	CTTCCA / GCGT	GAGATA / GCGT	ATGCCT / GCGT	AGTGGA / GCGT	ACCTAA / GCGT	ATATGT / GCGT	ATCGTA / GCGT	CATCGT / GCGT	CGCGGT / GCGT
E	CTATTA / CTTGCTT	GCCAGT / CTTGCTT	GGAAGA / CTTGCTT	GTACTT / CTTGCTT	GTTGAA / CTTGCTT	TAACGA / CTTGCTT	TGGCTA / CTTGCTT	TATTTTT / CTTGCTT	CTTGCTT / CTTGCTT	ATGAAAG / CTTGCTT	AAAAGTT / CTTGCTT	GAATTCA / CTTGCTT
F	GAACTTG / CTTGCTT	GGACCTA / CTTGCTT	GTCGATT / CTTGCTT	AACGCCT / CTTGCTT	AATATGG / CTTGCTT	ACGTGTT / CTTGCTT	ATTAATT / CTTGCTT	ATTGGAT / CTTGCTT	CATAAGT / CTTGCTT	CGCTGAT / CTTGCTT	CGGTAGA / CTTGCTT	CTACGGA / CTTGCTT
G	GCGGAAT / TTCAGA	TAGCGGA / TTCAGA	TCGAAGA / TTCAGA	TCTGTGA / TTCAGA	TGCTGGA / TTCAGA	ACGACTAG / TTCAGA	TAGCATGG / TTCAGA	TAGGCCAT / TTCAGA	TGCAAGGA / TTCAGA	TGGTACGT / TTCAGA	TCTCAGTG / TTCAGA	CCGGATAT / TTCAGA
H	CGCCTTAT / TTCAGA	AACCGAGA / TTCAGA	ACAGGGAA / TTCAGA	ACGTGGTA / TTCAGA	CCATGGGT / TTCAGA	CGCGGAGA / TTCAGA	CGTGTGGT / TTCAGA	GCTGTGGA / TTCAGA	GGATTGGT / TTCAGA	GTGAGGGT / TTCAGA	TATCGGGA / TTCAGA	TTCCTGGA / TTCAGA
												
PstIAdapterPlate12	1	2	3	4	5	6	7	8	9	10	11	12
A	CTCG / TTCAGA	TGCA / TTCAGA	ACTA / TTCAGA	CAGA / TTCAGA	AACT / TTCAGA	GCGT / TTCAGA	CGAT / TTCAGA	GTAA / TTCAGA	AGGG / TTCAGA	GATG / TTCAGA	TCAG / TTCAGA	TGCG / TTCAGA
B	CGCTT / TTCAGA	TCACG / TTCAGA	CTAGG / TTCAGA	ACAAA / TTCAGA	TTCTG / TTCAGA	AGCCG / TTCAGA	GTATT / TTCAGA	CTGTA / TTCAGA	ACCGT / TTCAGA	GCTTA / TTCAGA	GGTGT / TTCAGA	AGGAT / TTCAGA
C	ATTGA / TCACG	CATCT / TCACG	CCTAG / TCACG	GAGGA / TCACG	GGAAG / TCACG	GTCAA / TCACG	TAATA / TCACG	TACAT / TCACG	TCGTT / TCACG	GGTTGT / TCACG	CCAGCT / TCACG	TTCAGA / TCACG
D	TAGGAA / TCACG	GCTCTA / TCACG	CCACAA / TCACG	CTTCCA / TCACG	GAGATA / TCACG	ATGCCT / TCACG	AGTGGA / TCACG	ACCTAA / TCACG	ATATGT / TCACG	ATCGTA / TCACG	CATCGT / TCACG	CGCGGT / TCACG
E	CTATTA / GCGT	GCCAGT / GCGT	GGAAGA / GCGT	GTACTT / GCGT	GTTGAA / GCGT	TAACGA / GCGT	TGGCTA / GCGT	TATTTTT / GCGT	CTTGCTT / GCGT	ATGAAAG / GCGT	AAAAGTT / GCGT	GAATTCA / GCGT
F	GAACTTG / GCGT	GGACCTA / GCGT	GTCGATT / GCGT	AACGCCT / GCGT	AATATGG / GCGT	ACGTGTT / GCGT	ATTAATT / GCGT	ATTGGAT / GCGT	CATAAGT / GCGT	CGCTGAT / GCGT	CGGTAGA / GCGT	CTACGGA / GCGT
G	GCGGAAT / CTTGCTT	TAGCGGA / CTTGCTT	TCGAAGA / CTTGCTT	TCTGTGA / CTTGCTT	TGCTGGA / CTTGCTT	ACGACTAG / CTTGCTT	TAGCATGG / CTTGCTT	TAGGCCAT / CTTGCTT	TGCAAGGA / CTTGCTT	TGGTACGT / CTTGCTT	TCTCAGTG / CTTGCTT	CCGGATAT / CTTGCTT
H	CGCCTTAT / CTTGCTT	AACCGAGA / CTTGCTT	ACAGGGAA / CTTGCTT	ACGTGGTA / CTTGCTT	CCATGGGT / CTTGCTT	CGCGGAGA / CTTGCTT	CGTGTGGT / CTTGCTT	GCTGTGGA / CTTGCTT	GGATTGGT / CTTGCTT	GTGAGGGT / CTTGCTT	TATCGGGA / CTTGCTT	TTCCTGGA / CTTGCTT